BadIceCream,src/test/java/badIceCream/utils/NodeTest.java,src/main/java/badIceCream/utils/Node.java
BadIceCream,src/test/java/badIceCream/controller/game/MonsterControllerTest.java,src/main/java/badIceCream/controller/game/MonsterController.java
BadIceCream,src/test/java/badIceCream/controller/game/monsters/RunnerMovementDisabledTest.java,src/main/java/badIceCream/controller/game/monsters/RunnerMovementDisabled.java
BadIceCream,src/test/java/badIceCream/controller/game/monsters/DefaultMovementTest.java,src/main/java/badIceCream/controller/game/monsters/DefaultMovement.java
BadIceCream,src/test/java/badIceCream/controller/game/monsters/JumperMovementTest.java,src/main/java/badIceCream/controller/game/monsters/JumperMovement.java
BadIceCream,src/test/java/badIceCream/controller/game/monsters/RunnerMovementEnabledTest.java,src/main/java/badIceCream/controller/game/monsters/RunnerMovementEnabled.java
BadIceCream,src/test/java/badIceCream/controller/game/monsters/WallBreakerMovementTest.java,src/main/java/badIceCream/controller/game/monsters/WallBreakerMovement.java
BadIceCream,src/test/java/badIceCream/controller/game/IceCreamControllerTest.java,src/main/java/badIceCream/controller/game/IceCreamController.java
BadIceCream,src/test/java/badIceCream/controller/menu/InstructionsMenuFirstPageControllerTest.java,src/main/java/badIceCream/controller/menu/InstructionsMenuFirstPageController.java
BadIceCream,src/test/java/badIceCream/controller/menu/InstructionsMenuSecondPageControllerTest.java,src/main/java/badIceCream/controller/menu/InstructionsMenuSecondPageController.java
BadIceCream,src/test/java/badIceCream/viewer/HotFloorViewerTest.java,src/main/java/badIceCream/viewer/HotFloorViewer.java
BadIceCream,src/test/java/badIceCream/viewer/menu/InstructionsMenuFirstPageViewerTest.java,src/main/java/badIceCream/viewer/menu/InstructionsMenuFirstPageViewer.java
BadIceCream,src/test/java/badIceCream/viewer/menu/SelectLevelMenuViewerTest.java,src/main/java/badIceCream/viewer/menu/SelectLevelMenuViewer.java
BadIceCream,src/test/java/badIceCream/viewer/menu/LevelCompletedMenuViewerTest.java,src/main/java/badIceCream/viewer/menu/LevelCompletedMenuViewer.java
BadIceCream,src/test/java/badIceCream/viewer/menu/PauseMenuViewerTest.java,src/main/java/badIceCream/viewer/menu/PauseMenuViewer.java
BadIceCream,src/test/java/badIceCream/viewer/menu/GameOverMenuViewerTest.java,src/main/java/badIceCream/viewer/menu/GameOverMenuViewer.java
BadIceCream,src/test/java/badIceCream/viewer/menu/InstructionsMenuSecondPageViewerTest.java,src/main/java/badIceCream/viewer/menu/InstructionsMenuSecondPageViewer.java
BadIceCream,src/test/java/badIceCream/viewer/menu/MainMenuViewerTest.java,src/main/java/badIceCream/viewer/menu/MainMenuViewer.java
BadIceCream,src/test/java/badIceCream/viewer/IceCreamViewerTest.java,src/main/java/badIceCream/viewer/IceCreamViewer.java
BadIceCream,src/test/java/badIceCream/audio/AudioControllerTest.java,src/main/java/badIceCream/audio/AudioController.java
BadIceCream,src/test/java/badIceCream/audio/AudioTest.java,src/main/java/badIceCream/audio/Audio.java
BadIceCream,src/test/java/badIceCream/states/PauseMenuStateTest.java,src/main/java/badIceCream/states/PauseMenuState.java
BadIceCream,src/test/java/badIceCream/states/SelectLevelMenuStateTest.java,src/main/java/badIceCream/states/SelectLevelMenuState.java
BadIceCream,src/test/java/badIceCream/states/InstructionsMenuSecondPageStateTest.java,src/main/java/badIceCream/states/InstructionsMenuSecondPageState.java
BadIceCream,src/test/java/badIceCream/states/MainMenuStateTest.java,src/main/java/badIceCream/states/MainMenuState.java
BadIceCream,src/test/java/badIceCream/states/GameStateTest.java,src/main/java/badIceCream/states/GameState.java
BadIceCream,src/test/java/badIceCream/states/InstructionsMenuFirstPageStateTest.java,src/main/java/badIceCream/states/InstructionsMenuFirstPageState.java
BadIceCream,src/test/java/badIceCream/states/LevelCompletedMenuStateTest.java,src/main/java/badIceCream/states/LevelCompletedMenuState.java
BadIceCream,src/test/java/badIceCream/GUI/GUITest.java,src/main/java/badIceCream/GUI/GUI.java
BadIceCream,src/test/java/badIceCream/model/game/elements/IceCreamTest.java,src/main/java/badIceCream/model/game/elements/IceCream.java
BadIceCream,src/test/java/badIceCream/model/game/arena/LoaderArenaBuilderTest.java,src/main/java/badIceCream/model/game/arena/LoaderArenaBuilder.java
BadIceCream,src/test/java/badIceCream/model/menu/MenuTest.java,src/main/java/badIceCream/model/menu/Menu.java
